Country;Country Key;Year;Digital/Technological skills (DIGITAL);Mobile Broadband subscribers (DIGITAL);E-Participation (DIGITAL)
Argentina;AR;1995;-;-;-
Argentina;AR;1996;-;-;-
Argentina;AR;1997;-;-;-
Argentina;AR;1998;-;-;-
Argentina;AR;1999;6.90;-;-
Argentina;AR;2000;7.00;-;-
Argentina;AR;2001;6.70;-;-
Argentina;AR;2002;7.28;-;-
Argentina;AR;2003;7.15;-;-
Argentina;AR;2004;7.34;-;-
Argentina;AR;2005;7.10;-;-
Argentina;AR;2006;6.95;-;-
Argentina;AR;2007;7.21;-;-
Argentina;AR;2008;7.15;-;0.45
Argentina;AR;2009;7.27;-;-
Argentina;AR;2010;7.15;17.70;0.20
Argentina;AR;2011;7.56;-;0.29
Argentina;AR;2012;7.21;-;-
Argentina;AR;2013;6.84;-;0.55
Argentina;AR;2014;6.05;-;-
Argentina;AR;2015;6.00;8.97;0.63
Argentina;AR;2016;6.95;15.95;-
Argentina;AR;2017;5.78;26.87;0.62
Argentina;AR;2018;5.55;27.25;-
Argentina;AR;2019;5.97;48.20;0.86
Argentina;AR;2020;6.30;59.20;-
Argentina;AR;2021;5.28;60.24;-
Argentina;AR;2022;5.45;-;-
Australia;AU;1995;-;-;-
Australia;AU;1996;-;-;-
Australia;AU;1997;-;-;-
Australia;AU;1998;-;-;-
Australia;AU;1999;7.65;-;-
Australia;AU;2000;7.30;-;-
Australia;AU;2001;6.84;-;-
Australia;AU;2002;8.27;-;-
Australia;AU;2003;8.57;-;-
Australia;AU;2004;8.18;-;-
Australia;AU;2005;7.87;-;-
Australia;AU;2006;7.83;-;-
Australia;AU;2007;7.49;-;-
Australia;AU;2008;7.06;-;0.89
Australia;AU;2009;6.97;-;-
Australia;AU;2010;7.67;50.90;0.91
Australia;AU;2011;7.65;-;0.76
Australia;AU;2012;7.77;-;-
Australia;AU;2013;7.70;-;0.94
Australia;AU;2014;7.27;-;-
Australia;AU;2015;7.66;37.66;0.98
Australia;AU;2016;7.34;51.46;-
Australia;AU;2017;6.52;63.99;0.98
Australia;AU;2018;6.47;82.20;-
Australia;AU;2019;6.50;88.79;0.96
Australia;AU;2020;6.80;95.01;-
Australia;AU;2021;6.45;97.48;-
Australia;AU;2022;6.59;-;-
Austria;AT;1995;-;-;-
Austria;AT;1996;-;-;-
Austria;AT;1997;-;-;-
Austria;AT;1998;-;-;-
Austria;AT;1999;6.45;-;-
Austria;AT;2000;6.53;-;-
Austria;AT;2001;5.48;-;-
Austria;AT;2002;7.69;-;-
Austria;AT;2003;8.00;-;-
Austria;AT;2004;8.64;-;-
Austria;AT;2005;8.34;-;-
Austria;AT;2006;8.64;-;-
Austria;AT;2007;8.38;-;-
Austria;AT;2008;8.27;-;0.48
Austria;AT;2009;7.98;-;-
Austria;AT;2010;8.31;48.00;0.50
Austria;AT;2011;8.20;-;0.37
Austria;AT;2012;7.80;-;-
Austria;AT;2013;7.07;-;0.63
Austria;AT;2014;7.22;-;-
Austria;AT;2015;6.76;7.51;0.88
Austria;AT;2016;7.17;42.64;-
Austria;AT;2017;6.99;52.66;0.83
Austria;AT;2018;6.27;61.21;-
Austria;AT;2019;6.46;67.50;0.98
Austria;AT;2020;6.83;72.97;-
Austria;AT;2021;6.37;80.47;-
Austria;AT;2022;6.36;-;-
Bahrain;BH;1995;-;-;-
Bahrain;BH;1996;-;-;-
Bahrain;BH;1997;-;-;-
Bahrain;BH;1998;-;-;-
Bahrain;BH;1999;-;-;-
Bahrain;BH;2000;-;-;-
Bahrain;BH;2001;-;-;-
Bahrain;BH;2002;-;-;-
Bahrain;BH;2003;-;-;-
Bahrain;BH;2004;-;-;-
Bahrain;BH;2005;-;-;-
Bahrain;BH;2006;-;-;-
Bahrain;BH;2007;-;-;-
Bahrain;BH;2008;-;-;-
Bahrain;BH;2009;-;-;-
Bahrain;BH;2010;-;-;-
Bahrain;BH;2011;-;-;-
Bahrain;BH;2012;-;-;-
Bahrain;BH;2013;-;-;0.82
Bahrain;BH;2014;-;-;-
Bahrain;BH;2015;-;32.13;0.75
Bahrain;BH;2016;-;37.19;-
Bahrain;BH;2017;-;59.68;0.80
Bahrain;BH;2018;-;73.92;-
Bahrain;BH;2019;-;81.25;0.77
Bahrain;BH;2020;-;92.51;-
Bahrain;BH;2021;-;98.68;-
Bahrain;BH;2022;7.88;-;-
Belgium;BE;1995;-;-;-
Belgium;BE;1996;-;-;-
Belgium;BE;1997;-;-;-
Belgium;BE;1998;-;-;-
Belgium;BE;1999;6.12;-;-
Belgium;BE;2000;5.80;-;-
Belgium;BE;2001;5.61;-;-
Belgium;BE;2002;7.72;-;-
Belgium;BE;2003;7.82;-;-
Belgium;BE;2004;8.37;-;-
Belgium;BE;2005;7.44;-;-
Belgium;BE;2006;8.03;-;-
Belgium;BE;2007;7.86;-;-
Belgium;BE;2008;7.71;-;0.41
Belgium;BE;2009;7.73;-;-
Belgium;BE;2010;7.55;8.90;0.59
Belgium;BE;2011;8.06;-;0.13
Belgium;BE;2012;7.84;-;-
Belgium;BE;2013;7.96;-;0.63
Belgium;BE;2014;7.19;-;-
Belgium;BE;2015;7.86;20.33;0.64
Belgium;BE;2016;8.04;31.62;-
Belgium;BE;2017;7.03;44.62;0.76
Belgium;BE;2018;6.78;52.71;-
Belgium;BE;2019;6.87;59.70;0.65
Belgium;BE;2020;7.08;65.15;-
Belgium;BE;2021;7.00;72.80;-
Belgium;BE;2022;6.72;-;-
Botswana;BW;1995;-;-;-
Botswana;BW;1996;-;-;-
Botswana;BW;1997;-;-;-
Botswana;BW;1998;-;-;-
Botswana;BW;1999;-;-;-
Botswana;BW;2000;-;-;-
Botswana;BW;2001;-;-;-
Botswana;BW;2002;-;-;-
Botswana;BW;2003;-;-;-
Botswana;BW;2004;-;-;-
Botswana;BW;2005;-;-;-
Botswana;BW;2006;-;-;-
Botswana;BW;2007;-;-;-
Botswana;BW;2008;-;-;-
Botswana;BW;2009;-;-;-
Botswana;BW;2010;-;-;-
Botswana;BW;2011;-;-;-
Botswana;BW;2012;-;-;-
Botswana;BW;2013;-;-;-
Botswana;BW;2014;-;-;-
Botswana;BW;2015;-;1.01;-
Botswana;BW;2016;-;3.42;-
Botswana;BW;2017;-;10.34;-
Botswana;BW;2018;-;17.19;-
Botswana;BW;2019;-;18.26;0.37
Botswana;BW;2020;-;19.18;-
Botswana;BW;2021;3.79;20.10;-
Botswana;BW;2022;5.51;-;-
Brazil;BR;1995;-;-;-
Brazil;BR;1996;-;-;-
Brazil;BR;1997;-;-;-
Brazil;BR;1998;-;-;-
Brazil;BR;1999;6.87;-;-
Brazil;BR;2000;6.92;-;-
Brazil;BR;2001;6.29;-;-
Brazil;BR;2002;6.55;-;-
Brazil;BR;2003;6.86;-;-
Brazil;BR;2004;6.83;-;-
Brazil;BR;2005;7.14;-;-
Brazil;BR;2006;7.05;-;-
Brazil;BR;2007;6.85;-;-
Brazil;BR;2008;7.08;-;0.45
Brazil;BR;2009;6.85;-;-
Brazil;BR;2010;6.63;10.20;0.29
Brazil;BR;2011;6.34;-;0.50
Brazil;BR;2012;6.51;-;-
Brazil;BR;2013;5.52;-;0.71
Brazil;BR;2014;5.63;-;-
Brazil;BR;2015;5.28;14.27;0.73
Brazil;BR;2016;5.68;29.86;-
Brazil;BR;2017;5.44;49.74;0.97
Brazil;BR;2018;4.89;65.29;-
Brazil;BR;2019;4.91;67.82;0.90
Brazil;BR;2020;5.27;74.23;-
Brazil;BR;2021;5.28;78.33;-
Brazil;BR;2022;5.05;-;-
Bulgaria;BG;1995;-;-;-
Bulgaria;BG;1996;-;-;-
Bulgaria;BG;1997;-;-;-
Bulgaria;BG;1998;-;-;-
Bulgaria;BG;1999;-;-;-
Bulgaria;BG;2000;-;-;-
Bulgaria;BG;2001;-;-;-
Bulgaria;BG;2002;-;-;-
Bulgaria;BG;2003;-;-;-
Bulgaria;BG;2004;-;-;-
Bulgaria;BG;2005;-;-;-
Bulgaria;BG;2006;7.04;-;-
Bulgaria;BG;2007;5.75;-;-
Bulgaria;BG;2008;6.14;-;0.05
Bulgaria;BG;2009;7.11;-;-
Bulgaria;BG;2010;7.21;9.40;0.30
Bulgaria;BG;2011;7.38;-;0.03
Bulgaria;BG;2012;7.15;-;-
Bulgaria;BG;2013;6.94;-;0.25
Bulgaria;BG;2014;7.20;-;-
Bulgaria;BG;2015;7.40;1.84;0.69
Bulgaria;BG;2016;7.88;15.65;-
Bulgaria;BG;2017;7.67;26.22;0.87
Bulgaria;BG;2018;7.20;49.84;-
Bulgaria;BG;2019;7.02;65.15;0.89
Bulgaria;BG;2020;7.47;72.31;-
Bulgaria;BG;2021;6.70;76.74;-
Bulgaria;BG;2022;7.07;-;-
Canada;CA;1995;-;-;-
Canada;CA;1996;-;-;-
Canada;CA;1997;-;-;-
Canada;CA;1998;-;-;-
Canada;CA;1999;6.71;-;-
Canada;CA;2000;6.55;-;-
Canada;CA;2001;6.68;-;-
Canada;CA;2002;8.63;-;-
Canada;CA;2003;8.46;-;-
Canada;CA;2004;8.94;-;-
Canada;CA;2005;8.62;-;-
Canada;CA;2006;8.27;-;-
Canada;CA;2007;7.85;-;-
Canada;CA;2008;8.04;-;0.61
Canada;CA;2009;8.21;-;-
Canada;CA;2010;8.35;-;0.73
Canada;CA;2011;8.57;-;0.68
Canada;CA;2012;8.24;-;-
Canada;CA;2013;8.48;-;0.82
Canada;CA;2014;8.26;-;-
Canada;CA;2015;8.63;35.29;0.92
Canada;CA;2016;8.55;43.38;-
Canada;CA;2017;7.58;50.23;0.91
Canada;CA;2018;8.08;56.28;-
Canada;CA;2019;7.68;63.33;0.94
Canada;CA;2020;8.16;73.81;-
Canada;CA;2021;8.00;80.20;-
Canada;CA;2022;7.85;-;-
Chile;CL;1995;-;-;-
Chile;CL;1996;-;-;-
Chile;CL;1997;-;-;-
Chile;CL;1998;-;-;-
Chile;CL;1999;7.49;-;-
Chile;CL;2000;7.83;-;-
Chile;CL;2001;6.49;-;-
Chile;CL;2002;7.57;-;-
Chile;CL;2003;7.86;-;-
Chile;CL;2004;8.17;-;-
Chile;CL;2005;8.58;-;-
Chile;CL;2006;8.41;-;-
Chile;CL;2007;8.00;-;-
Chile;CL;2008;7.63;-;0.18
Chile;CL;2009;7.76;-;-
Chile;CL;2010;6.86;7.30;0.34
Chile;CL;2011;7.49;-;0.66
Chile;CL;2012;7.47;-;-
Chile;CL;2013;7.29;-;0.94
Chile;CL;2014;7.56;-;-
Chile;CL;2015;7.24;10.33;0.75
Chile;CL;2016;7.32;27.00;-
Chile;CL;2017;7.00;46.79;0.82
Chile;CL;2018;7.09;57.82;-
Chile;CL;2019;6.96;65.89;0.86
Chile;CL;2020;6.75;74.13;-
Chile;CL;2021;6.97;80.90;-
Chile;CL;2022;6.96;-;-
China;CN;1995;-;-;-
China;CN;1996;-;-;-
China;CN;1997;-;-;-
China;CN;1998;-;-;-
China;CN;1999;4.30;-;-
China;CN;2000;4.69;-;-
China;CN;2001;4.66;-;-
China;CN;2002;4.71;-;-
China;CN;2003;4.92;-;-
China;CN;2004;5.02;-;-
China;CN;2005;4.85;-;-
China;CN;2006;5.02;-;-
China;CN;2007;5.81;-;-
China;CN;2008;5.05;-;0.48
China;CN;2009;6.31;-;-
China;CN;2010;6.60;5.60;0.37
China;CN;2011;6.96;-;0.21
China;CN;2012;6.69;-;-
China;CN;2013;7.54;-;0.65
China;CN;2014;6.92;-;-
China;CN;2015;6.98;29.58;0.81
China;CN;2016;7.11;55.66;-
China;CN;2017;7.41;70.33;0.90
China;CN;2018;7.77;74.42;-
China;CN;2019;7.84;80.10;0.96
China;CN;2020;7.97;95.46;-
China;CN;2021;7.74;97.97;-
China;CN;2022;7.89;-;-
Colombia;CO;1995;-;-;-
Colombia;CO;1996;-;-;-
Colombia;CO;1997;-;-;-
Colombia;CO;1998;-;-;-
Colombia;CO;1999;6.26;-;-
Colombia;CO;2000;6.44;-;-
Colombia;CO;2001;5.90;-;-
Colombia;CO;2002;6.73;-;-
Colombia;CO;2003;6.86;-;-
Colombia;CO;2004;7.87;-;-
Colombia;CO;2005;7.09;-;-
Colombia;CO;2006;7.25;-;-
Colombia;CO;2007;6.89;-;-
Colombia;CO;2008;6.69;-;0.43
Colombia;CO;2009;7.20;-;-
Colombia;CO;2010;6.13;-;0.44
Colombia;CO;2011;6.64;-;0.74
Colombia;CO;2012;6.36;-;-
Colombia;CO;2013;6.64;-;0.88
Colombia;CO;2014;6.25;-;-
Colombia;CO;2015;5.73;5.77;0.76
Colombia;CO;2016;6.02;11.97;-
Colombia;CO;2017;5.41;19.37;0.92
Colombia;CO;2018;5.77;25.06;-
Colombia;CO;2019;6.28;32.14;0.87
Colombia;CO;2020;6.22;36.12;-
Colombia;CO;2021;5.89;39.83;-
Colombia;CO;2022;5.72;-;-
Croatia;HR;1995;-;-;-
Croatia;HR;1996;-;-;-
Croatia;HR;1997;-;-;-
Croatia;HR;1998;-;-;-
Croatia;HR;1999;-;-;-
Croatia;HR;2000;-;-;-
Croatia;HR;2001;-;-;-
Croatia;HR;2002;-;-;-
Croatia;HR;2003;-;-;-
Croatia;HR;2004;-;-;-
Croatia;HR;2005;-;-;-
Croatia;HR;2006;6.64;-;-
Croatia;HR;2007;6.39;-;-
Croatia;HR;2008;6.94;-;0.14
Croatia;HR;2009;6.31;-;-
Croatia;HR;2010;6.53;6.50;0.46
Croatia;HR;2011;7.30;-;0.29
Croatia;HR;2012;6.98;-;-
Croatia;HR;2013;7.10;-;0.33
Croatia;HR;2014;6.74;-;-
Croatia;HR;2015;6.74;12.41;0.78
Croatia;HR;2016;6.78;38.11;-
Croatia;HR;2017;6.00;56.50;0.77
Croatia;HR;2018;5.71;69.80;-
Croatia;HR;2019;5.35;76.12;0.89
Croatia;HR;2020;6.23;79.80;-
Croatia;HR;2021;6.14;89.95;-
Croatia;HR;2022;6.85;-;-
Cyprus;CY;1995;-;-;-
Cyprus;CY;1996;-;-;-
Cyprus;CY;1997;-;-;-
Cyprus;CY;1998;-;-;-
Cyprus;CY;1999;-;-;-
Cyprus;CY;2000;-;-;-
Cyprus;CY;2001;-;-;-
Cyprus;CY;2002;-;-;-
Cyprus;CY;2003;-;-;-
Cyprus;CY;2004;-;-;-
Cyprus;CY;2005;-;-;-
Cyprus;CY;2006;-;-;-
Cyprus;CY;2007;-;-;-
Cyprus;CY;2008;-;-;0.09
Cyprus;CY;2009;-;-;-
Cyprus;CY;2010;-;-;0.49
Cyprus;CY;2011;-;-;0.08
Cyprus;CY;2012;-;-;-
Cyprus;CY;2013;-;-;0.31
Cyprus;CY;2014;-;-;-
Cyprus;CY;2015;-;2.92;0.53
Cyprus;CY;2016;-;6.26;-
Cyprus;CY;2017;6.94;11.37;0.82
Cyprus;CY;2018;6.39;16.53;-
Cyprus;CY;2019;6.51;22.93;0.95
Cyprus;CY;2020;7.22;30.41;-
Cyprus;CY;2021;6.81;45.43;-
Cyprus;CY;2022;7.00;-;-
Czech Republic;CZ;1995;-;-;-
Czech Republic;CZ;1996;-;-;-
Czech Republic;CZ;1997;-;-;-
Czech Republic;CZ;1998;-;-;-
Czech Republic;CZ;1999;6.14;-;-
Czech Republic;CZ;2000;5.86;-;-
Czech Republic;CZ;2001;6.23;-;-
Czech Republic;CZ;2002;6.72;-;-
Czech Republic;CZ;2003;7.81;-;-
Czech Republic;CZ;2004;7.35;-;-
Czech Republic;CZ;2005;7.63;-;-
Czech Republic;CZ;2006;7.71;-;-
Czech Republic;CZ;2007;7.47;-;-
Czech Republic;CZ;2008;7.35;-;0.20
Czech Republic;CZ;2009;7.32;-;-
Czech Republic;CZ;2010;7.82;27.30;0.13
Czech Republic;CZ;2011;7.68;-;0.26
Czech Republic;CZ;2012;7.27;-;-
Czech Republic;CZ;2013;6.92;-;0.25
Czech Republic;CZ;2014;7.60;-;-
Czech Republic;CZ;2015;7.65;26.85;0.56
Czech Republic;CZ;2016;7.61;40.76;-
Czech Republic;CZ;2017;7.02;53.89;0.62
Czech Republic;CZ;2018;6.85;67.32;-
Czech Republic;CZ;2019;6.71;69.37;0.73
Czech Republic;CZ;2020;6.83;77.86;-
Czech Republic;CZ;2021;6.63;97.53;-
Czech Republic;CZ;2022;7.14;-;-
Denmark;DK;1995;-;-;-
Denmark;DK;1996;-;-;-
Denmark;DK;1997;-;-;-
Denmark;DK;1998;-;-;-
Denmark;DK;1999;5.21;-;-
Denmark;DK;2000;5.61;-;-
Denmark;DK;2001;6.06;-;-
Denmark;DK;2002;7.77;-;-
Denmark;DK;2003;8.18;-;-
Denmark;DK;2004;8.57;-;-
Denmark;DK;2005;8.74;-;-
Denmark;DK;2006;8.89;-;-
Denmark;DK;2007;8.47;-;-
Denmark;DK;2008;8.33;-;0.93
Denmark;DK;2009;8.78;-;-
Denmark;DK;2010;8.66;-;0.64
Denmark;DK;2011;9.05;-;0.55
Denmark;DK;2012;8.75;-;-
Denmark;DK;2013;8.75;-;0.55
Denmark;DK;2014;8.60;-;-
Denmark;DK;2015;8.62;69.15;0.81
Denmark;DK;2016;8.74;75.25;-
Denmark;DK;2017;8.19;82.04;1.00
Denmark;DK;2018;8.13;87.94;-
Denmark;DK;2019;7.97;89.63;0.96
Denmark;DK;2020;8.59;93.90;-
Denmark;DK;2021;8.69;97.50;-
Denmark;DK;2022;8.31;-;-
Estonia;EE;1995;-;-;-
Estonia;EE;1996;-;-;-
Estonia;EE;1997;-;-;-
Estonia;EE;1998;-;-;-
Estonia;EE;1999;-;-;-
Estonia;EE;2000;-;-;-
Estonia;EE;2001;5.23;-;-
Estonia;EE;2002;7.33;-;-
Estonia;EE;2003;7.04;-;-
Estonia;EE;2004;6.87;-;-
Estonia;EE;2005;7.21;-;-
Estonia;EE;2006;6.19;-;-
Estonia;EE;2007;5.89;-;-
Estonia;EE;2008;6.24;-;0.73
Estonia;EE;2009;6.20;-;-
Estonia;EE;2010;6.21;19.90;0.69
Estonia;EE;2011;4.92;-;0.76
Estonia;EE;2012;4.69;-;-
Estonia;EE;2013;4.67;-;0.76
Estonia;EE;2014;4.84;-;-
Estonia;EE;2015;4.69;44.35;0.81
Estonia;EE;2016;5.12;54.90;-
Estonia;EE;2017;6.43;63.22;0.91
Estonia;EE;2018;6.84;68.58;-
Estonia;EE;2019;6.10;69.37;1.00
Estonia;EE;2020;6.47;68.78;-
Estonia;EE;2021;6.51;67.89;-
Estonia;EE;2022;6.30;-;-
Finland;FI;1995;-;-;-
Finland;FI;1996;-;-;-
Finland;FI;1997;-;-;-
Finland;FI;1998;-;-;-
Finland;FI;1999;6.82;-;-
Finland;FI;2000;6.94;-;-
Finland;FI;2001;6.99;-;-
Finland;FI;2002;8.88;-;-
Finland;FI;2003;9.41;-;-
Finland;FI;2004;9.29;-;-
Finland;FI;2005;9.18;-;-
Finland;FI;2006;9.20;-;-
Finland;FI;2007;8.80;-;-
Finland;FI;2008;7.96;-;0.27
Finland;FI;2009;8.93;-;-
Finland;FI;2010;8.70;37.40;0.41
Finland;FI;2011;8.70;-;0.74
Finland;FI;2012;8.77;-;-
Finland;FI;2013;8.83;-;0.71
Finland;FI;2014;8.98;-;-
Finland;FI;2015;8.86;49.06;0.92
Finland;FI;2016;8.99;58.57;-
Finland;FI;2017;8.55;83.17;1.00
Finland;FI;2018;8.32;87.28;-
Finland;FI;2019;8.71;90.52;0.95
Finland;FI;2020;8.60;94.63;-
Finland;FI;2021;8.87;95.78;-
Finland;FI;2022;8.57;-;-
France;FR;1995;-;-;-
France;FR;1996;-;-;-
France;FR;1997;-;-;-
France;FR;1998;-;-;-
France;FR;1999;7.01;-;-
France;FR;2000;7.16;-;-
France;FR;2001;5.63;-;-
France;FR;2002;7.09;-;-
France;FR;2003;7.76;-;-
France;FR;2004;8.14;-;-
France;FR;2005;7.36;-;-
France;FR;2006;8.02;-;-
France;FR;2007;7.62;-;-
France;FR;2008;7.92;-;0.93
France;FR;2009;7.67;-;-
France;FR;2010;8.13;32.60;0.60
France;FR;2011;7.83;-;0.58
France;FR;2012;8.02;-;-
France;FR;2013;8.14;-;0.96
France;FR;2014;8.24;-;-
France;FR;2015;7.90;30.65;0.90
France;FR;2016;7.73;43.72;-
France;FR;2017;7.03;55.80;0.97
France;FR;2018;7.59;63.14;-
France;FR;2019;7.10;71.02;0.90
France;FR;2020;7.04;77.83;-
France;FR;2021;7.01;85.86;-
France;FR;2022;7.01;-;-
Germany;DE;1995;-;-;-
Germany;DE;1996;-;-;-
Germany;DE;1997;-;-;-
Germany;DE;1998;-;-;-
Germany;DE;1999;6.21;-;-
Germany;DE;2000;5.61;-;-
Germany;DE;2001;4.68;-;-
Germany;DE;2002;6.47;-;-
Germany;DE;2003;7.94;-;-
Germany;DE;2004;8.15;-;-
Germany;DE;2005;7.94;-;-
Germany;DE;2006;7.96;-;-
Germany;DE;2007;7.80;-;-
Germany;DE;2008;7.53;-;0.16
Germany;DE;2009;8.11;-;-
Germany;DE;2010;7.80;-;0.61
Germany;DE;2011;7.73;-;0.76
Germany;DE;2012;7.72;-;-
Germany;DE;2013;7.62;-;0.71
Germany;DE;2014;7.08;-;-
Germany;DE;2015;7.06;23.72;0.76
Germany;DE;2016;6.96;34.57;-
Germany;DE;2017;6.65;40.24;0.92
Germany;DE;2018;5.80;37.54;-
Germany;DE;2019;5.64;42.22;0.75
Germany;DE;2020;5.89;47.05;-
Germany;DE;2021;5.78;55.55;-
Germany;DE;2022;5.80;-;-
Greece;GR;1995;-;-;-
Greece;GR;1996;-;-;-
Greece;GR;1997;-;-;-
Greece;GR;1998;-;-;-
Greece;GR;1999;6.56;-;-
Greece;GR;2000;6.29;-;-
Greece;GR;2001;6.00;-;-
Greece;GR;2002;6.16;-;-
Greece;GR;2003;6.54;-;-
Greece;GR;2004;6.44;-;-
Greece;GR;2005;6.14;-;-
Greece;GR;2006;6.64;-;-
Greece;GR;2007;6.69;-;-
Greece;GR;2008;6.21;-;0.09
Greece;GR;2009;6.35;-;-
Greece;GR;2010;7.09;-;0.26
Greece;GR;2011;7.96;-;0.34
Greece;GR;2012;7.53;-;-
Greece;GR;2013;7.85;-;0.80
Greece;GR;2014;7.47;-;-
Greece;GR;2015;8.55;4.66;0.61
Greece;GR;2016;7.34;12.17;-
Greece;GR;2017;7.59;25.45;0.88
Greece;GR;2018;7.30;56.50;-
Greece;GR;2019;6.91;55.93;0.79
Greece;GR;2020;6.78;57.07;-
Greece;GR;2021;6.84;66.67;-
Greece;GR;2022;6.11;-;-
Hong Kong SAR;HK;1995;-;-;-
Hong Kong SAR;HK;1996;-;-;-
Hong Kong SAR;HK;1997;-;-;-
Hong Kong SAR;HK;1998;-;-;-
Hong Kong SAR;HK;1999;6.51;-;-
Hong Kong SAR;HK;2000;5.79;-;-
Hong Kong SAR;HK;2001;5.90;-;-
Hong Kong SAR;HK;2002;7.53;-;-
Hong Kong SAR;HK;2003;7.78;-;-
Hong Kong SAR;HK;2004;8.35;-;-
Hong Kong SAR;HK;2005;9.02;-;-
Hong Kong SAR;HK;2006;8.91;-;-
Hong Kong SAR;HK;2007;8.57;-;-
Hong Kong SAR;HK;2008;8.52;-;-
Hong Kong SAR;HK;2009;8.13;-;-
Hong Kong SAR;HK;2010;8.03;39.20;-
Hong Kong SAR;HK;2011;8.24;-;-
Hong Kong SAR;HK;2012;8.73;-;-
Hong Kong SAR;HK;2013;8.46;-;-
Hong Kong SAR;HK;2014;8.08;-;-
Hong Kong SAR;HK;2015;8.43;35.10;-
Hong Kong SAR;HK;2016;8.72;42.81;-
Hong Kong SAR;HK;2017;7.84;69.93;-
Hong Kong SAR;HK;2018;8.03;76.18;-
Hong Kong SAR;HK;2019;7.88;79.53;-
Hong Kong SAR;HK;2020;7.96;86.64;-
Hong Kong SAR;HK;2021;7.88;92.61;-
Hong Kong SAR;HK;2022;7.73;-;-
Hungary;HU;1995;-;-;-
Hungary;HU;1996;-;-;-
Hungary;HU;1997;-;-;-
Hungary;HU;1998;-;-;-
Hungary;HU;1999;7.63;-;-
Hungary;HU;2000;8.10;-;-
Hungary;HU;2001;7.45;-;-
Hungary;HU;2002;7.26;-;-
Hungary;HU;2003;7.06;-;-
Hungary;HU;2004;7.64;-;-
Hungary;HU;2005;8.23;-;-
Hungary;HU;2006;8.00;-;-
Hungary;HU;2007;7.83;-;-
Hungary;HU;2008;8.08;-;0.20
Hungary;HU;2009;7.59;-;-
Hungary;HU;2010;7.08;35.10;0.31
Hungary;HU;2011;7.52;-;0.45
Hungary;HU;2012;7.32;-;-
Hungary;HU;2013;6.77;-;0.45
Hungary;HU;2014;7.00;-;-
Hungary;HU;2015;6.39;40.44;0.49
Hungary;HU;2016;6.56;58.48;-
Hungary;HU;2017;5.30;74.54;0.71
Hungary;HU;2018;5.34;83.27;-
Hungary;HU;2019;4.99;85.25;0.68
Hungary;HU;2020;5.50;89.16;-
Hungary;HU;2021;5.40;96.13;-
Hungary;HU;2022;5.55;-;-
Iceland;IS;1995;-;-;-
Iceland;IS;1996;-;-;-
Iceland;IS;1997;-;-;-
Iceland;IS;1998;-;-;-
Iceland;IS;1999;7.42;-;-
Iceland;IS;2000;7.52;-;-
Iceland;IS;2001;7.94;-;-
Iceland;IS;2002;8.47;-;-
Iceland;IS;2003;9.12;-;-
Iceland;IS;2004;9.44;-;-
Iceland;IS;2005;9.47;-;-
Iceland;IS;2006;9.14;-;-
Iceland;IS;2007;9.39;-;-
Iceland;IS;2008;9.47;-;0.07
Iceland;IS;2009;-;-;-
Iceland;IS;2010;9.38;28.90;0.04
Iceland;IS;2011;9.07;-;0.16
Iceland;IS;2012;8.79;-;-
Iceland;IS;2013;8.53;-;0.49
Iceland;IS;2014;8.60;-;-
Iceland;IS;2015;8.57;36.66;0.66
Iceland;IS;2016;8.16;54.09;-
Iceland;IS;2017;8.47;61.87;0.69
Iceland;IS;2018;8.24;74.62;-
Iceland;IS;2019;8.55;80.88;0.77
Iceland;IS;2020;8.88;83.14;-
Iceland;IS;2021;8.49;85.24;-
Iceland;IS;2022;8.81;-;-
India;IN;1995;-;-;-
India;IN;1996;-;-;-
India;IN;1997;-;-;-
India;IN;1998;-;-;-
India;IN;1999;8.75;-;-
India;IN;2000;8.93;-;-
India;IN;2001;8.68;-;-
India;IN;2002;8.72;-;-
India;IN;2003;8.73;-;-
India;IN;2004;8.96;-;-
India;IN;2005;8.84;-;-
India;IN;2006;8.94;-;-
India;IN;2007;8.75;-;-
India;IN;2008;8.09;-;0.25
India;IN;2009;8.59;-;-
India;IN;2010;8.55;0.10;0.20
India;IN;2011;8.77;-;0.18
India;IN;2012;8.30;-;-
India;IN;2013;8.52;-;0.63
India;IN;2014;8.25;-;-
India;IN;2015;8.41;2.82;0.76
India;IN;2016;8.15;11.97;-
India;IN;2017;7.27;20.42;0.96
India;IN;2018;7.02;34.21;-
India;IN;2019;7.50;48.10;0.86
India;IN;2020;7.48;60.50;-
India;IN;2021;7.42;65.65;-
India;IN;2022;7.69;-;-
Indonesia;ID;1995;-;-;-
Indonesia;ID;1996;-;-;-
Indonesia;ID;1997;-;-;-
Indonesia;ID;1998;-;-;-
Indonesia;ID;1999;4.13;-;-
Indonesia;ID;2000;5.29;-;-
Indonesia;ID;2001;4.41;-;-
Indonesia;ID;2002;4.80;-;-
Indonesia;ID;2003;4.91;-;-
Indonesia;ID;2004;4.98;-;-
Indonesia;ID;2005;4.11;-;-
Indonesia;ID;2006;5.69;-;-
Indonesia;ID;2007;5.90;-;-
Indonesia;ID;2008;5.60;-;0.05
Indonesia;ID;2009;5.95;-;-
Indonesia;ID;2010;6.09;8.60;0.13
Indonesia;ID;2011;6.67;-;0.21
Indonesia;ID;2012;6.00;-;-
Indonesia;ID;2013;6.81;-;0.29
Indonesia;ID;2014;7.38;-;-
Indonesia;ID;2015;6.10;1.94;0.37
Indonesia;ID;2016;6.76;13.25;-
Indonesia;ID;2017;6.18;18.23;0.62
Indonesia;ID;2018;5.93;44.53;-
Indonesia;ID;2019;6.61;52.29;0.75
Indonesia;ID;2020;6.65;59.92;-
Indonesia;ID;2021;6.21;70.59;-
Indonesia;ID;2022;6.35;-;-
Ireland;IE;1995;-;-;-
Ireland;IE;1996;-;-;-
Ireland;IE;1997;-;-;-
Ireland;IE;1998;-;-;-
Ireland;IE;1999;6.39;-;-
Ireland;IE;2000;6.47;-;-
Ireland;IE;2001;6.68;-;-
Ireland;IE;2002;7.93;-;-
Ireland;IE;2003;8.11;-;-
Ireland;IE;2004;7.43;-;-
Ireland;IE;2005;7.28;-;-
Ireland;IE;2006;7.43;-;-
Ireland;IE;2007;6.94;-;-
Ireland;IE;2008;7.06;-;0.25
Ireland;IE;2009;7.90;-;-
Ireland;IE;2010;7.73;34.30;0.44
Ireland;IE;2011;8.16;-;0.13
Ireland;IE;2012;7.73;-;-
Ireland;IE;2013;7.24;-;0.65
Ireland;IE;2014;7.96;-;-
Ireland;IE;2015;7.51;27.02;0.71
Ireland;IE;2016;7.21;41.59;-
Ireland;IE;2017;7.45;47.24;0.93
Ireland;IE;2018;7.36;50.80;-
Ireland;IE;2019;7.35;59.43;0.86
Ireland;IE;2020;7.04;63.50;-
Ireland;IE;2021;7.36;68.59;-
Ireland;IE;2022;6.78;-;-
Israel;IL;1995;-;-;-
Israel;IL;1996;-;-;-
Israel;IL;1997;-;-;-
Israel;IL;1998;-;-;-
Israel;IL;1999;7.64;-;-
Israel;IL;2000;7.62;-;-
Israel;IL;2001;8.06;-;-
Israel;IL;2002;9.05;-;-
Israel;IL;2003;9.18;-;-
Israel;IL;2004;8.79;-;-
Israel;IL;2005;8.91;-;-
Israel;IL;2006;8.98;-;-
Israel;IL;2007;9.28;-;-
Israel;IL;2008;8.55;-;0.32
Israel;IL;2009;8.65;-;-
Israel;IL;2010;8.96;45.90;0.41
Israel;IL;2011;9.22;-;0.89
Israel;IL;2012;8.95;-;-
Israel;IL;2013;9.47;-;0.86
Israel;IL;2014;8.91;-;-
Israel;IL;2015;8.96;22.02;0.83
Israel;IL;2016;8.43;37.05;-
Israel;IL;2017;8.88;50.71;0.83
Israel;IL;2018;8.75;64.03;-
Israel;IL;2019;8.49;72.96;0.71
Israel;IL;2020;7.61;81.84;-
Israel;IL;2021;7.52;89.44;-
Israel;IL;2022;7.49;-;-
Italy;IT;1995;-;-;-
Italy;IT;1996;-;-;-
Italy;IT;1997;-;-;-
Italy;IT;1998;-;-;-
Italy;IT;1999;6.13;-;-
Italy;IT;2000;5.95;-;-
Italy;IT;2001;5.03;-;-
Italy;IT;2002;5.67;-;-
Italy;IT;2003;6.13;-;-
Italy;IT;2004;6.03;-;-
Italy;IT;2005;6.44;-;-
Italy;IT;2006;6.18;-;-
Italy;IT;2007;6.10;-;-
Italy;IT;2008;6.66;-;0.23
Italy;IT;2009;6.21;-;-
Italy;IT;2010;5.98;-;0.21
Italy;IT;2011;6.17;-;0.26
Italy;IT;2012;6.68;-;-
Italy;IT;2013;6.55;-;0.78
Italy;IT;2014;6.17;-;-
Italy;IT;2015;6.02;15.28;0.92
Italy;IT;2016;6.64;26.74;-
Italy;IT;2017;5.97;33.37;0.96
Italy;IT;2018;6.19;41.17;-
Italy;IT;2019;5.91;48.49;0.82
Italy;IT;2020;6.27;55.90;-
Italy;IT;2021;6.27;71.61;-
Italy;IT;2022;6.02;-;-
Japan;JP;1995;-;-;-
Japan;JP;1996;-;-;-
Japan;JP;1997;-;-;-
Japan;JP;1998;-;-;-
Japan;JP;1999;6.27;-;-
Japan;JP;2000;5.72;-;-
Japan;JP;2001;5.15;-;-
Japan;JP;2002;6.24;-;-
Japan;JP;2003;7.33;-;-
Japan;JP;2004;8.05;-;-
Japan;JP;2005;7.63;-;-
Japan;JP;2006;7.89;-;-
Japan;JP;2007;7.64;-;-
Japan;JP;2008;7.60;-;0.61
Japan;JP;2009;8.20;-;-
Japan;JP;2010;7.86;-;0.76
Japan;JP;2011;7.89;-;0.74
Japan;JP;2012;8.02;-;-
Japan;JP;2013;8.10;-;0.96
Japan;JP;2014;8.15;-;-
Japan;JP;2015;7.82;53.59;0.98
Japan;JP;2016;7.46;60.83;-
Japan;JP;2017;5.43;68.70;0.98
Japan;JP;2018;6.17;75.15;-
Japan;JP;2019;4.99;81.24;0.99
Japan;JP;2020;4.88;85.46;-
Japan;JP;2021;4.39;90.57;-
Japan;JP;2022;4.02;-;-
Jordan;JO;1995;-;-;-
Jordan;JO;1996;-;-;-
Jordan;JO;1997;-;-;-
Jordan;JO;1998;-;-;-
Jordan;JO;1999;-;-;-
Jordan;JO;2000;-;-;-
Jordan;JO;2001;-;-;-
Jordan;JO;2002;-;-;-
Jordan;JO;2003;7.38;-;-
Jordan;JO;2004;7.41;-;-
Jordan;JO;2005;7.20;-;-
Jordan;JO;2006;7.54;-;-
Jordan;JO;2007;7.85;-;-
Jordan;JO;2008;7.87;-;0.55
Jordan;JO;2009;7.44;-;-
Jordan;JO;2010;7.37;1.80;0.29
Jordan;JO;2011;7.97;-;0.11
Jordan;JO;2012;8.04;-;-
Jordan;JO;2013;7.23;-;0.47
Jordan;JO;2014;7.10;-;-
Jordan;JO;2015;6.53;9.65;0.46
Jordan;JO;2016;8.13;17.05;-
Jordan;JO;2017;6.60;26.04;0.48
Jordan;JO;2018;7.77;34.76;-
Jordan;JO;2019;7.11;49.07;0.33
Jordan;JO;2020;7.19;61.55;-
Jordan;JO;2021;7.63;72.70;-
Jordan;JO;2022;7.19;-;-
Kazakhstan;KZ;1995;-;-;-
Kazakhstan;KZ;1996;-;-;-
Kazakhstan;KZ;1997;-;-;-
Kazakhstan;KZ;1998;-;-;-
Kazakhstan;KZ;1999;-;-;-
Kazakhstan;KZ;2000;-;-;-
Kazakhstan;KZ;2001;-;-;-
Kazakhstan;KZ;2002;-;-;-
Kazakhstan;KZ;2003;-;-;-
Kazakhstan;KZ;2004;-;-;-
Kazakhstan;KZ;2005;-;-;-
Kazakhstan;KZ;2006;-;-;-
Kazakhstan;KZ;2007;-;-;-
Kazakhstan;KZ;2008;5.98;-;0.09
Kazakhstan;KZ;2009;6.31;-;-
Kazakhstan;KZ;2010;6.56;1.30;0.56
Kazakhstan;KZ;2011;6.55;-;0.95
Kazakhstan;KZ;2012;6.92;-;-
Kazakhstan;KZ;2013;6.95;-;0.76
Kazakhstan;KZ;2014;6.61;-;-
Kazakhstan;KZ;2015;7.06;2.20;0.59
Kazakhstan;KZ;2016;6.93;5.76;-
Kazakhstan;KZ;2017;6.95;10.37;0.84
Kazakhstan;KZ;2018;6.34;27.81;-
Kazakhstan;KZ;2019;6.10;44.81;0.88
Kazakhstan;KZ;2020;6.04;58.13;-
Kazakhstan;KZ;2021;6.11;65.93;-
Kazakhstan;KZ;2022;6.31;-;-
Korea Rep.;KR;1995;-;-;-
Korea Rep.;KR;1996;-;-;-
Korea Rep.;KR;1997;-;-;-
Korea Rep.;KR;1998;-;-;-
Korea Rep.;KR;1999;4.83;-;-
Korea Rep.;KR;2000;6.40;-;-
Korea Rep.;KR;2001;6.00;-;-
Korea Rep.;KR;2002;7.64;-;-
Korea Rep.;KR;2003;7.67;-;-
Korea Rep.;KR;2004;7.62;-;-
Korea Rep.;KR;2005;8.70;-;-
Korea Rep.;KR;2006;8.21;-;-
Korea Rep.;KR;2007;9.07;-;-
Korea Rep.;KR;2008;7.82;-;0.98
Korea Rep.;KR;2009;7.30;-;-
Korea Rep.;KR;2010;7.16;75.60;1.00
Korea Rep.;KR;2011;7.43;-;1.00
Korea Rep.;KR;2012;7.37;-;-
Korea Rep.;KR;2013;8.12;-;1.00
Korea Rep.;KR;2014;8.06;-;-
Korea Rep.;KR;2015;7.98;70.58;0.97
Korea Rep.;KR;2016;7.45;75.14;-
Korea Rep.;KR;2017;7.52;78.90;1.00
Korea Rep.;KR;2018;7.24;82.83;-
Korea Rep.;KR;2019;7.27;87.43;1.00
Korea Rep.;KR;2020;7.64;91.22;-
Korea Rep.;KR;2021;6.95;94.92;-
Korea Rep.;KR;2022;6.19;-;-
Latvia;LV;1995;-;-;-
Latvia;LV;1996;-;-;-
Latvia;LV;1997;-;-;-
Latvia;LV;1998;-;-;-
Latvia;LV;1999;-;-;-
Latvia;LV;2000;-;-;-
Latvia;LV;2001;-;-;-
Latvia;LV;2002;-;-;-
Latvia;LV;2003;-;-;-
Latvia;LV;2004;-;-;-
Latvia;LV;2005;-;-;-
Latvia;LV;2006;-;-;-
Latvia;LV;2007;-;-;-
Latvia;LV;2008;-;-;0.23
Latvia;LV;2009;-;-;-
Latvia;LV;2010;-;18.90;0.27
Latvia;LV;2011;-;-;0.21
Latvia;LV;2012;-;-;-
Latvia;LV;2013;7.93;-;0.71
Latvia;LV;2014;8.30;-;-
Latvia;LV;2015;8.29;49.94;0.53
Latvia;LV;2016;8.00;55.61;-
Latvia;LV;2017;7.64;64.56;0.69
Latvia;LV;2018;7.33;72.33;-
Latvia;LV;2019;7.67;79.38;0.58
Latvia;LV;2020;7.29;84.82;-
Latvia;LV;2021;7.35;91.68;-
Latvia;LV;2022;7.02;-;-
Lithuania;LT;1995;-;-;-
Lithuania;LT;1996;-;-;-
Lithuania;LT;1997;-;-;-
Lithuania;LT;1998;-;-;-
Lithuania;LT;1999;-;-;-
Lithuania;LT;2000;-;-;-
Lithuania;LT;2001;-;-;-
Lithuania;LT;2002;-;-;-
Lithuania;LT;2003;-;-;-
Lithuania;LT;2004;-;-;-
Lithuania;LT;2005;-;-;-
Lithuania;LT;2006;-;-;-
Lithuania;LT;2007;7.23;-;-
Lithuania;LT;2008;6.96;-;0.48
Lithuania;LT;2009;7.39;-;-
Lithuania;LT;2010;8.04;15.40;0.53
Lithuania;LT;2011;7.84;-;0.53
Lithuania;LT;2012;8.34;-;-
Lithuania;LT;2013;8.17;-;0.65
Lithuania;LT;2014;7.74;-;-
Lithuania;LT;2015;8.40;13.70;0.83
Lithuania;LT;2016;8.73;28.16;-
Lithuania;LT;2017;8.81;41.10;0.80
Lithuania;LT;2018;8.82;45.90;-
Lithuania;LT;2019;8.86;51.75;0.74
Lithuania;LT;2020;8.71;56.34;-
Lithuania;LT;2021;8.48;63.32;-
Lithuania;LT;2022;8.62;-;-
Luxembourg;LU;1995;-;-;-
Luxembourg;LU;1996;-;-;-
Luxembourg;LU;1997;-;-;-
Luxembourg;LU;1998;-;-;-
Luxembourg;LU;1999;5.56;-;-
Luxembourg;LU;2000;5.26;-;-
Luxembourg;LU;2001;4.74;-;-
Luxembourg;LU;2002;6.09;-;-
Luxembourg;LU;2003;7.53;-;-
Luxembourg;LU;2004;7.06;-;-
Luxembourg;LU;2005;6.56;-;-
Luxembourg;LU;2006;7.28;-;-
Luxembourg;LU;2007;7.13;-;-
Luxembourg;LU;2008;6.75;-;0.61
Luxembourg;LU;2009;7.02;-;-
Luxembourg;LU;2010;7.46;34.10;0.17
Luxembourg;LU;2011;7.22;-;0.39
Luxembourg;LU;2012;7.37;-;-
Luxembourg;LU;2013;8.03;-;0.55
Luxembourg;LU;2014;7.62;-;-
Luxembourg;LU;2015;7.80;18.51;0.69
Luxembourg;LU;2016;7.32;25.97;-
Luxembourg;LU;2017;7.62;32.16;0.94
Luxembourg;LU;2018;6.97;39.17;-
Luxembourg;LU;2019;6.77;43.55;0.70
Luxembourg;LU;2020;6.86;47.90;-
Luxembourg;LU;2021;7.40;55.73;-
Luxembourg;LU;2022;6.62;-;-
Malaysia;MY;1995;-;-;-
Malaysia;MY;1996;-;-;-
Malaysia;MY;1997;-;-;-
Malaysia;MY;1998;-;-;-
Malaysia;MY;1999;5.76;-;-
Malaysia;MY;2000;5.63;-;-
Malaysia;MY;2001;5.33;-;-
Malaysia;MY;2002;7.22;-;-
Malaysia;MY;2003;7.73;-;-
Malaysia;MY;2004;7.49;-;-
Malaysia;MY;2005;6.67;-;-
Malaysia;MY;2006;7.44;-;-
Malaysia;MY;2007;7.63;-;-
Malaysia;MY;2008;7.54;-;0.30
Malaysia;MY;2009;7.58;-;-
Malaysia;MY;2010;8.15;25.60;0.66
Malaysia;MY;2011;7.89;-;0.50
Malaysia;MY;2012;7.78;-;-
Malaysia;MY;2013;7.98;-;0.53
Malaysia;MY;2014;7.79;-;-
Malaysia;MY;2015;7.62;15.28;0.68
Malaysia;MY;2016;7.65;25.69;-
Malaysia;MY;2017;7.50;35.90;0.89
Malaysia;MY;2018;6.98;51.30;-
Malaysia;MY;2019;7.50;70.20;0.86
Malaysia;MY;2020;7.13;82.56;-
Malaysia;MY;2021;7.19;86.60;-
Malaysia;MY;2022;6.72;-;-
Mexico;MX;1995;-;-;-
Mexico;MX;1996;-;-;-
Mexico;MX;1997;-;-;-
Mexico;MX;1998;-;-;-
Mexico;MX;1999;5.81;-;-
Mexico;MX;2000;6.04;-;-
Mexico;MX;2001;5.06;-;-
Mexico;MX;2002;5.83;-;-
Mexico;MX;2003;6.23;-;-
Mexico;MX;2004;6.26;-;-
Mexico;MX;2005;5.48;-;-
Mexico;MX;2006;5.80;-;-
Mexico;MX;2007;6.43;-;-
Mexico;MX;2008;5.89;-;0.75
Mexico;MX;2009;6.20;-;-
Mexico;MX;2010;5.53;3.00;0.37
Mexico;MX;2011;6.53;-;0.58
Mexico;MX;2012;5.91;-;-
Mexico;MX;2013;6.53;-;0.61
Mexico;MX;2014;5.97;-;-
Mexico;MX;2015;6.19;10.00;0.88
Mexico;MX;2016;6.07;17.90;-
Mexico;MX;2017;5.79;37.22;0.94
Mexico;MX;2018;5.84;49.46;-
Mexico;MX;2019;5.29;58.49;0.82
Mexico;MX;2020;6.40;62.06;-
Mexico;MX;2021;6.00;70.87;-
Mexico;MX;2022;6.06;-;-
Mongolia;MN;1995;-;-;-
Mongolia;MN;1996;-;-;-
Mongolia;MN;1997;-;-;-
Mongolia;MN;1998;-;-;-
Mongolia;MN;1999;-;-;-
Mongolia;MN;2000;-;-;-
Mongolia;MN;2001;-;-;-
Mongolia;MN;2002;-;-;-
Mongolia;MN;2003;-;-;-
Mongolia;MN;2004;-;-;-
Mongolia;MN;2005;-;-;-
Mongolia;MN;2006;-;-;-
Mongolia;MN;2007;-;-;-
Mongolia;MN;2008;-;-;0.27
Mongolia;MN;2009;-;-;-
Mongolia;MN;2010;-;6.10;0.43
Mongolia;MN;2011;-;-;0.61
Mongolia;MN;2012;-;-;-
Mongolia;MN;2013;-;-;0.69
Mongolia;MN;2014;-;-;-
Mongolia;MN;2015;5.82;0.54;0.71
Mongolia;MN;2016;6.31;1.99;-
Mongolia;MN;2017;5.77;8.71;0.74
Mongolia;MN;2018;5.64;15.15;-
Mongolia;MN;2019;5.59;18.70;0.61
Mongolia;MN;2020;5.59;21.41;-
Mongolia;MN;2021;5.75;24.18;-
Mongolia;MN;2022;5.23;-;-
Netherlands;NL;1995;-;-;-
Netherlands;NL;1996;-;-;-
Netherlands;NL;1997;-;-;-
Netherlands;NL;1998;-;-;-
Netherlands;NL;1999;5.51;-;-
Netherlands;NL;2000;5.70;-;-
Netherlands;NL;2001;5.97;-;-
Netherlands;NL;2002;7.69;-;-
Netherlands;NL;2003;7.80;-;-
Netherlands;NL;2004;8.03;-;-
Netherlands;NL;2005;8.35;-;-
Netherlands;NL;2006;8.16;-;-
Netherlands;NL;2007;8.19;-;-
Netherlands;NL;2008;7.85;-;0.52
Netherlands;NL;2009;8.28;-;-
Netherlands;NL;2010;8.39;-;0.60
Netherlands;NL;2011;8.38;-;1.00
Netherlands;NL;2012;8.40;-;-
Netherlands;NL;2013;8.53;-;1.00
Netherlands;NL;2014;8.53;-;-
Netherlands;NL;2015;8.39;24.17;0.95
Netherlands;NL;2016;8.51;38.63;-
Netherlands;NL;2017;8.40;55.18;0.99
Netherlands;NL;2018;8.15;68.00;-
Netherlands;NL;2019;8.41;76.76;0.96
Netherlands;NL;2020;8.15;90.22;-
Netherlands;NL;2021;8.33;95.00;-
Netherlands;NL;2022;8.26;-;-
New Zealand;NZ;1995;-;-;-
New Zealand;NZ;1996;-;-;-
New Zealand;NZ;1997;-;-;-
New Zealand;NZ;1998;-;-;-
New Zealand;NZ;1999;6.75;-;-
New Zealand;NZ;2000;6.49;-;-
New Zealand;NZ;2001;6.15;-;-
New Zealand;NZ;2002;7.47;-;-
New Zealand;NZ;2003;7.77;-;-
New Zealand;NZ;2004;7.88;-;-
New Zealand;NZ;2005;7.24;-;-
New Zealand;NZ;2006;6.82;-;-
New Zealand;NZ;2007;5.85;-;-
New Zealand;NZ;2008;6.22;-;0.80
New Zealand;NZ;2009;6.05;-;-
New Zealand;NZ;2010;6.65;35.90;0.77
New Zealand;NZ;2011;7.43;-;0.58
New Zealand;NZ;2012;6.71;-;-
New Zealand;NZ;2013;6.77;-;0.78
New Zealand;NZ;2014;7.35;-;-
New Zealand;NZ;2015;7.21;26.80;0.95
New Zealand;NZ;2016;7.41;33.96;-
New Zealand;NZ;2017;5.92;43.59;0.98
New Zealand;NZ;2018;6.05;51.12;-
New Zealand;NZ;2019;6.88;58.14;0.99
New Zealand;NZ;2020;6.27;64.66;-
New Zealand;NZ;2021;6.94;70.43;-
New Zealand;NZ;2022;5.86;-;-
Norway;NO;1995;-;-;-
Norway;NO;1996;-;-;-
Norway;NO;1997;-;-;-
Norway;NO;1998;-;-;-
Norway;NO;1999;5.31;-;-
Norway;NO;2000;6.13;-;-
Norway;NO;2001;5.48;-;-
Norway;NO;2002;7.87;-;-
Norway;NO;2003;8.57;-;-
Norway;NO;2004;8.45;-;-
Norway;NO;2005;8.40;-;-
Norway;NO;2006;8.34;-;-
Norway;NO;2007;8.16;-;-
Norway;NO;2008;8.14;-;0.52
Norway;NO;2009;8.62;-;-
Norway;NO;2010;8.51;37.40;0.50
Norway;NO;2011;8.68;-;0.68
Norway;NO;2012;8.76;-;-
Norway;NO;2013;8.57;-;0.69
Norway;NO;2014;8.62;-;-
Norway;NO;2015;8.85;32.37;0.76
Norway;NO;2016;8.85;60.82;-
Norway;NO;2017;8.23;64.93;0.98
Norway;NO;2018;7.97;68.55;-
Norway;NO;2019;7.95;74.14;0.90
Norway;NO;2020;8.14;78.76;-
Norway;NO;2021;8.29;92.35;-
Norway;NO;2022;8.09;-;-
Peru;PE;1995;-;-;-
Peru;PE;1996;-;-;-
Peru;PE;1997;-;-;-
Peru;PE;1998;-;-;-
Peru;PE;1999;-;-;-
Peru;PE;2000;-;-;-
Peru;PE;2001;-;-;-
Peru;PE;2002;-;-;-
Peru;PE;2003;-;-;-
Peru;PE;2004;-;-;-
Peru;PE;2005;-;-;-
Peru;PE;2006;-;-;-
Peru;PE;2007;-;-;-
Peru;PE;2008;6.84;-;0.14
Peru;PE;2009;6.86;-;-
Peru;PE;2010;6.25;-;0.17
Peru;PE;2011;6.31;-;0.39
Peru;PE;2012;6.18;-;-
Peru;PE;2013;5.65;-;0.71
Peru;PE;2014;5.50;-;-
Peru;PE;2015;5.78;8.66;0.54
Peru;PE;2016;5.38;15.28;-
Peru;PE;2017;4.89;28.53;0.87
Peru;PE;2018;5.27;37.96;-
Peru;PE;2019;5.11;45.21;0.76
Peru;PE;2020;5.53;49.67;-
Peru;PE;2021;5.19;51.92;-
Peru;PE;2022;5.11;-;-
Philippines;PH;1995;-;-;-
Philippines;PH;1996;-;-;-
Philippines;PH;1997;-;-;-
Philippines;PH;1998;-;-;-
Philippines;PH;1999;8.18;-;-
Philippines;PH;2000;7.24;-;-
Philippines;PH;2001;7.87;-;-
Philippines;PH;2002;7.71;-;-
Philippines;PH;2003;8.12;-;-
Philippines;PH;2004;7.69;-;-
Philippines;PH;2005;8.18;-;-
Philippines;PH;2006;7.55;-;-
Philippines;PH;2007;7.48;-;-
Philippines;PH;2008;7.91;-;0.27
Philippines;PH;2009;7.44;-;-
Philippines;PH;2010;8.10;8.50;0.19
Philippines;PH;2011;7.77;-;0.21
Philippines;PH;2012;7.98;-;-
Philippines;PH;2013;8.11;-;0.57
Philippines;PH;2014;7.78;-;-
Philippines;PH;2015;7.41;4.40;0.59
Philippines;PH;2016;7.23;7.39;-
Philippines;PH;2017;6.83;12.55;0.94
Philippines;PH;2018;6.04;22.35;-
Philippines;PH;2019;6.16;42.49;0.75
Philippines;PH;2020;6.27;55.49;-
Philippines;PH;2021;5.87;61.75;-
Philippines;PH;2022;6.34;-;-
Poland;PL;1995;-;-;-
Poland;PL;1996;-;-;-
Poland;PL;1997;-;-;-
Poland;PL;1998;-;-;-
Poland;PL;1999;6.47;-;-
Poland;PL;2000;6.80;-;-
Poland;PL;2001;6.36;-;-
Poland;PL;2002;6.59;-;-
Poland;PL;2003;6.45;-;-
Poland;PL;2004;6.28;-;-
Poland;PL;2005;5.35;-;-
Poland;PL;2006;5.17;-;-
Poland;PL;2007;6.22;-;-
Poland;PL;2008;6.31;-;0.23
Poland;PL;2009;6.37;-;-
Poland;PL;2010;7.23;26.20;0.24
Poland;PL;2011;7.71;-;0.18
Poland;PL;2012;7.49;-;-
Poland;PL;2013;8.58;-;0.49
Poland;PL;2014;7.54;-;-
Poland;PL;2015;8.17;11.93;0.88
Poland;PL;2016;7.86;22.25;-
Poland;PL;2017;7.02;44.40;0.89
Poland;PL;2018;7.04;57.44;-
Poland;PL;2019;6.42;68.59;0.96
Poland;PL;2020;6.69;80.00;-
Poland;PL;2021;5.61;86.32;-
Poland;PL;2022;4.84;-;-
Portugal;PT;1995;-;-;-
Portugal;PT;1996;-;-;-
Portugal;PT;1997;-;-;-
Portugal;PT;1998;-;-;-
Portugal;PT;1999;5.80;-;-
Portugal;PT;2000;5.26;-;-
Portugal;PT;2001;5.04;-;-
Portugal;PT;2002;6.11;-;-
Portugal;PT;2003;5.94;-;-
Portugal;PT;2004;6.85;-;-
Portugal;PT;2005;6.94;-;-
Portugal;PT;2006;6.98;-;-
Portugal;PT;2007;7.27;-;-
Portugal;PT;2008;7.25;-;0.25
Portugal;PT;2009;7.76;-;-
Portugal;PT;2010;7.47;15.60;0.27
Portugal;PT;2011;8.30;-;0.37
Portugal;PT;2012;8.60;-;-
Portugal;PT;2013;8.38;-;0.65
Portugal;PT;2014;7.88;-;-
Portugal;PT;2015;8.70;11.71;0.66
Portugal;PT;2016;8.23;18.76;-
Portugal;PT;2017;7.80;24.31;0.90
Portugal;PT;2018;8.02;30.77;-
Portugal;PT;2019;7.92;36.89;0.82
Portugal;PT;2020;7.90;38.14;-
Portugal;PT;2021;7.95;45.24;-
Portugal;PT;2022;7.42;-;-
Qatar;QA;1995;-;-;-
Qatar;QA;1996;-;-;-
Qatar;QA;1997;-;-;-
Qatar;QA;1998;-;-;-
Qatar;QA;1999;-;-;-
Qatar;QA;2000;-;-;-
Qatar;QA;2001;-;-;-
Qatar;QA;2002;-;-;-
Qatar;QA;2003;-;-;-
Qatar;QA;2004;-;-;-
Qatar;QA;2005;-;-;-
Qatar;QA;2006;6.11;-;-
Qatar;QA;2007;-;-;-
Qatar;QA;2008;-;-;0.18
Qatar;QA;2009;6.86;-;-
Qatar;QA;2010;7.27;29.60;0.13
Qatar;QA;2011;7.60;-;0.63
Qatar;QA;2012;7.34;-;-
Qatar;QA;2013;7.57;-;0.61
Qatar;QA;2014;7.22;-;-
Qatar;QA;2015;5.13;43.13;0.64
Qatar;QA;2016;7.52;54.51;-
Qatar;QA;2017;7.66;67.12;0.71
Qatar;QA;2018;8.04;79.98;-
Qatar;QA;2019;8.19;86.49;0.65
Qatar;QA;2020;8.21;94.03;-
Qatar;QA;2021;8.00;99.68;-
Qatar;QA;2022;7.96;-;-
Romania;RO;1995;-;-;-
Romania;RO;1996;-;-;-
Romania;RO;1997;-;-;-
Romania;RO;1998;-;-;-
Romania;RO;1999;-;-;-
Romania;RO;2000;-;-;-
Romania;RO;2001;-;-;-
Romania;RO;2002;-;-;-
Romania;RO;2003;5.72;-;-
Romania;RO;2004;5.12;-;-
Romania;RO;2005;5.92;-;-
Romania;RO;2006;5.15;-;-
Romania;RO;2007;5.36;-;-
Romania;RO;2008;4.65;-;0.05
Romania;RO;2009;3.42;-;-
Romania;RO;2010;5.35;-;0.19
Romania;RO;2011;6.27;-;0.08
Romania;RO;2012;6.46;-;-
Romania;RO;2013;6.36;-;0.47
Romania;RO;2014;6.70;-;-
Romania;RO;2015;5.81;9.89;0.63
Romania;RO;2016;6.06;19.67;-
Romania;RO;2017;7.45;28.95;0.71
Romania;RO;2018;7.93;36.24;-
Romania;RO;2019;7.47;42.52;0.81
Romania;RO;2020;7.49;46.72;-
Romania;RO;2021;7.10;53.99;-
Romania;RO;2022;7.17;-;-
Russia;RU;1995;-;-;-
Russia;RU;1996;-;-;-
Russia;RU;1997;-;-;-
Russia;RU;1998;-;-;-
Russia;RU;1999;6.04;-;-
Russia;RU;2000;5.66;-;-
Russia;RU;2001;7.04;-;-
Russia;RU;2002;7.33;-;-
Russia;RU;2003;6.79;-;-
Russia;RU;2004;7.24;-;-
Russia;RU;2005;6.86;-;-
Russia;RU;2006;7.01;-;-
Russia;RU;2007;7.01;-;-
Russia;RU;2008;7.07;-;0.09
Russia;RU;2009;7.50;-;-
Russia;RU;2010;7.07;10.50;0.13
Russia;RU;2011;7.61;-;0.66
Russia;RU;2012;7.53;-;-
Russia;RU;2013;7.44;-;0.69
Russia;RU;2014;7.27;-;-
Russia;RU;2015;7.56;0.71;0.75
Russia;RU;2016;7.91;5.31;-
Russia;RU;2017;7.75;13.56;0.92
Russia;RU;2018;7.12;27.18;-
Russia;RU;2019;6.51;41.15;0.87
Russia;RU;2020;6.63;52.99;-
Russia;RU;2021;6.13;56.06;-
Russia;RU;2022;-;-;-
Saudi Arabia;SA;1995;-;-;-
Saudi Arabia;SA;1996;-;-;-
Saudi Arabia;SA;1997;-;-;-
Saudi Arabia;SA;1998;-;-;-
Saudi Arabia;SA;1999;-;-;-
Saudi Arabia;SA;2000;-;-;-
Saudi Arabia;SA;2001;-;-;-
Saudi Arabia;SA;2002;-;-;-
Saudi Arabia;SA;2003;-;-;-
Saudi Arabia;SA;2004;-;-;-
Saudi Arabia;SA;2005;-;-;-
Saudi Arabia;SA;2006;-;-;-
Saudi Arabia;SA;2007;-;-;-
Saudi Arabia;SA;2008;-;-;0.32
Saudi Arabia;SA;2009;-;-;-
Saudi Arabia;SA;2010;-;10.60;0.10
Saudi Arabia;SA;2011;-;-;0.63
Saudi Arabia;SA;2012;-;-;-
Saudi Arabia;SA;2013;-;-;0.57
Saudi Arabia;SA;2014;-;-;-
Saudi Arabia;SA;2015;-;28.78;0.71
Saudi Arabia;SA;2016;-;39.04;-
Saudi Arabia;SA;2017;6.81;54.38;0.71
Saudi Arabia;SA;2018;6.39;64.87;-
Saudi Arabia;SA;2019;7.53;70.98;0.71
Saudi Arabia;SA;2020;7.86;77.02;-
Saudi Arabia;SA;2021;7.65;84.53;-
Saudi Arabia;SA;2022;8.16;-;-
Singapore;SG;1995;-;-;-
Singapore;SG;1996;-;-;-
Singapore;SG;1997;-;-;-
Singapore;SG;1998;-;-;-
Singapore;SG;1999;7.09;-;-
Singapore;SG;2000;7.30;-;-
Singapore;SG;2001;7.37;-;-
Singapore;SG;2002;8.26;-;-
Singapore;SG;2003;8.53;-;-
Singapore;SG;2004;8.71;-;-
Singapore;SG;2005;8.33;-;-
Singapore;SG;2006;8.56;-;-
Singapore;SG;2007;8.85;-;-
Singapore;SG;2008;8.81;-;0.64
Singapore;SG;2009;8.59;-;-
Singapore;SG;2010;8.41;64.50;0.69
Singapore;SG;2011;8.27;-;0.95
Singapore;SG;2012;8.84;-;-
Singapore;SG;2013;8.24;-;0.90
Singapore;SG;2014;8.20;-;-
Singapore;SG;2015;8.07;49.64;0.92
Singapore;SG;2016;8.52;57.79;-
Singapore;SG;2017;7.90;72.24;0.97
Singapore;SG;2018;7.79;78.69;-
Singapore;SG;2019;8.11;81.81;0.98
Singapore;SG;2020;8.21;90.87;-
Singapore;SG;2021;8.27;92.54;-
Singapore;SG;2022;8.07;-;-
Slovak Republic;SK;1995;-;-;-
Slovak Republic;SK;1996;-;-;-
Slovak Republic;SK;1997;-;-;-
Slovak Republic;SK;1998;-;-;-
Slovak Republic;SK;1999;-;-;-
Slovak Republic;SK;2000;-;-;-
Slovak Republic;SK;2001;6.15;-;-
Slovak Republic;SK;2002;6.72;-;-
Slovak Republic;SK;2003;6.98;-;-
Slovak Republic;SK;2004;7.08;-;-
Slovak Republic;SK;2005;6.43;-;-
Slovak Republic;SK;2006;6.93;-;-
Slovak Republic;SK;2007;6.90;-;-
Slovak Republic;SK;2008;6.40;-;0.07
Slovak Republic;SK;2009;6.90;-;-
Slovak Republic;SK;2010;6.92;20.70;0.07
Slovak Republic;SK;2011;7.75;-;0.13
Slovak Republic;SK;2012;7.37;-;-
Slovak Republic;SK;2013;7.60;-;0.63
Slovak Republic;SK;2014;7.10;-;-
Slovak Republic;SK;2015;7.22;25.44;0.54
Slovak Republic;SK;2016;7.69;38.82;-
Slovak Republic;SK;2017;6.13;48.75;0.81
Slovak Republic;SK;2018;7.15;58.34;-
Slovak Republic;SK;2019;7.32;63.38;0.70
Slovak Republic;SK;2020;6.93;72.12;-
Slovak Republic;SK;2021;6.83;79.01;-
Slovak Republic;SK;2022;6.75;-;-
Slovenia;SI;1995;-;-;-
Slovenia;SI;1996;-;-;-
Slovenia;SI;1997;-;-;-
Slovenia;SI;1998;-;-;-
Slovenia;SI;1999;5.00;-;-
Slovenia;SI;2000;4.84;-;-
Slovenia;SI;2001;5.49;-;-
Slovenia;SI;2002;4.98;-;-
Slovenia;SI;2003;4.73;-;-
Slovenia;SI;2004;6.97;-;-
Slovenia;SI;2005;6.55;-;-
Slovenia;SI;2006;6.68;-;-
Slovenia;SI;2007;6.84;-;-
Slovenia;SI;2008;7.08;-;0.23
Slovenia;SI;2009;7.17;-;-
Slovenia;SI;2010;7.15;23.60;0.51
Slovenia;SI;2011;7.34;-;0.21
Slovenia;SI;2012;7.40;-;-
Slovenia;SI;2013;7.58;-;0.39
Slovenia;SI;2014;7.37;-;-
Slovenia;SI;2015;7.82;38.83;0.73
Slovenia;SI;2016;7.92;77.29;-
Slovenia;SI;2017;7.50;89.06;0.81
Slovenia;SI;2018;7.45;93.11;-
Slovenia;SI;2019;7.81;95.50;0.86
Slovenia;SI;2020;7.42;97.18;-
Slovenia;SI;2021;7.20;97.59;-
Slovenia;SI;2022;7.09;-;-
South Africa;ZA;1995;-;-;-
South Africa;ZA;1996;-;-;-
South Africa;ZA;1997;-;-;-
South Africa;ZA;1998;-;-;-
South Africa;ZA;1999;4.81;-;-
South Africa;ZA;2000;4.63;-;-
South Africa;ZA;2001;5.22;-;-
South Africa;ZA;2002;5.81;-;-
South Africa;ZA;2003;6.60;-;-
South Africa;ZA;2004;6.60;-;-
South Africa;ZA;2005;6.44;-;-
South Africa;ZA;2006;6.13;-;-
South Africa;ZA;2007;5.30;-;-
South Africa;ZA;2008;5.19;-;0.25
South Africa;ZA;2009;5.52;-;-
South Africa;ZA;2010;5.85;18.80;0.19
South Africa;ZA;2011;6.18;-;0.16
South Africa;ZA;2012;5.66;-;-
South Africa;ZA;2013;5.16;-;0.33
South Africa;ZA;2014;5.96;-;-
South Africa;ZA;2015;6.19;7.84;0.56
South Africa;ZA;2016;5.91;12.77;-
South Africa;ZA;2017;5.90;14.89;0.85
South Africa;ZA;2018;5.77;19.13;-
South Africa;ZA;2019;5.93;22.42;0.75
South Africa;ZA;2020;5.08;25.83;-
South Africa;ZA;2021;5.51;32.19;-
South Africa;ZA;2022;5.48;-;-
Spain;ES;1995;-;-;-
Spain;ES;1996;-;-;-
Spain;ES;1997;-;-;-
Spain;ES;1998;-;-;-
Spain;ES;1999;7.23;-;-
Spain;ES;2000;5.94;-;-
Spain;ES;2001;5.04;-;-
Spain;ES;2002;6.06;-;-
Spain;ES;2003;6.23;-;-
Spain;ES;2004;6.64;-;-
Spain;ES;2005;6.33;-;-
Spain;ES;2006;6.67;-;-
Spain;ES;2007;6.64;-;-
Spain;ES;2008;6.65;-;0.36
Spain;ES;2009;6.56;-;-
Spain;ES;2010;6.69;-;0.83
Spain;ES;2011;7.19;-;0.50
Spain;ES;2012;7.09;-;-
Spain;ES;2013;7.19;-;0.78
Spain;ES;2014;7.08;-;-
Spain;ES;2015;7.10;28.50;0.93
Spain;ES;2016;7.17;45.28;-
Spain;ES;2017;6.73;58.22;0.98
Spain;ES;2018;6.67;65.41;-
Spain;ES;2019;7.08;72.45;0.85
Spain;ES;2020;6.91;72.82;-
Spain;ES;2021;6.88;76.58;-
Spain;ES;2022;6.98;-;-
Sweden;SE;1995;-;-;-
Sweden;SE;1996;-;-;-
Sweden;SE;1997;-;-;-
Sweden;SE;1998;-;-;-
Sweden;SE;1999;5.40;-;-
Sweden;SE;2000;6.50;-;-
Sweden;SE;2001;7.76;-;-
Sweden;SE;2002;8.77;-;-
Sweden;SE;2003;8.76;-;-
Sweden;SE;2004;8.92;-;-
Sweden;SE;2005;8.92;-;-
Sweden;SE;2006;8.58;-;-
Sweden;SE;2007;8.75;-;-
Sweden;SE;2008;8.92;-;0.66
Sweden;SE;2009;9.06;-;-
Sweden;SE;2010;8.93;57.90;0.49
Sweden;SE;2011;8.93;-;0.68
Sweden;SE;2012;9.02;-;-
Sweden;SE;2013;9.30;-;0.61
Sweden;SE;2014;8.91;-;-
Sweden;SE;2015;8.68;42.08;0.76
Sweden;SE;2016;8.53;50.55;-
Sweden;SE;2017;8.63;60.07;0.94
Sweden;SE;2018;7.97;69.67;-
Sweden;SE;2019;8.03;77.57;0.82
Sweden;SE;2020;8.75;83.97;-
Sweden;SE;2021;8.73;95.26;-
Sweden;SE;2022;8.39;-;-
Switzerland;CH;1995;-;-;-
Switzerland;CH;1996;-;-;-
Switzerland;CH;1997;-;-;-
Switzerland;CH;1998;-;-;-
Switzerland;CH;1999;6.05;-;-
Switzerland;CH;2000;5.34;-;-
Switzerland;CH;2001;4.83;-;-
Switzerland;CH;2002;7.33;-;-
Switzerland;CH;2003;7.78;-;-
Switzerland;CH;2004;8.49;-;-
Switzerland;CH;2005;7.97;-;-
Switzerland;CH;2006;8.16;-;-
Switzerland;CH;2007;8.24;-;-
Switzerland;CH;2008;7.76;-;0.41
Switzerland;CH;2009;8.27;-;-
Switzerland;CH;2010;7.98;25.00;0.20
Switzerland;CH;2011;8.00;-;0.34
Switzerland;CH;2012;8.28;-;-
Switzerland;CH;2013;8.29;-;0.37
Switzerland;CH;2014;8.08;-;-
Switzerland;CH;2015;8.10;34.79;0.58
Switzerland;CH;2016;8.06;62.69;-
Switzerland;CH;2017;7.94;79.36;0.84
Switzerland;CH;2018;7.56;86.82;-
Switzerland;CH;2019;7.77;91.60;0.90
Switzerland;CH;2020;7.82;93.58;-
Switzerland;CH;2021;8.09;96.09;-
Switzerland;CH;2022;7.67;-;-
Taiwan. China;TW;1995;-;-;-
Taiwan. China;TW;1996;-;-;-
Taiwan. China;TW;1997;-;-;-
Taiwan. China;TW;1998;-;-;-
Taiwan. China;TW;1999;7.30;-;-
Taiwan. China;TW;2000;7.10;-;-
Taiwan. China;TW;2001;6.76;-;-
Taiwan. China;TW;2002;7.26;-;-
Taiwan. China;TW;2003;7.72;-;-
Taiwan. China;TW;2004;7.80;-;-
Taiwan. China;TW;2005;8.00;-;-
Taiwan. China;TW;2006;7.78;-;-
Taiwan. China;TW;2007;7.68;-;-
Taiwan. China;TW;2008;8.23;-;-
Taiwan. China;TW;2009;7.91;-;-
Taiwan. China;TW;2010;8.14;69.60;-
Taiwan. China;TW;2011;8.47;-;-
Taiwan. China;TW;2012;8.38;-;-
Taiwan. China;TW;2013;8.12;-;-
Taiwan. China;TW;2014;7.78;-;-
Taiwan. China;TW;2015;7.77;39.41;-
Taiwan. China;TW;2016;7.66;62.45;-
Taiwan. China;TW;2017;7.22;78.82;-
Taiwan. China;TW;2018;6.74;94.79;-
Taiwan. China;TW;2019;7.15;100.00;-
Taiwan. China;TW;2020;7.41;100.00;-
Taiwan. China;TW;2021;7.33;100.00;-
Taiwan. China;TW;2022;6.79;-;-
Thailand;TH;1995;-;-;-
Thailand;TH;1996;-;-;-
Thailand;TH;1997;-;-;-
Thailand;TH;1998;-;-;-
Thailand;TH;1999;4.81;-;-
Thailand;TH;2000;5.09;-;-
Thailand;TH;2001;4.37;-;-
Thailand;TH;2002;5.34;-;-
Thailand;TH;2003;6.07;-;-
Thailand;TH;2004;6.13;-;-
Thailand;TH;2005;6.04;-;-
Thailand;TH;2006;6.03;-;-
Thailand;TH;2007;5.88;-;-
Thailand;TH;2008;6.10;-;0.30
Thailand;TH;2009;6.36;-;-
Thailand;TH;2010;6.14;0.50;0.09
Thailand;TH;2011;6.41;-;0.32
Thailand;TH;2012;5.84;-;-
Thailand;TH;2013;6.68;-;0.55
Thailand;TH;2014;6.59;-;-
Thailand;TH;2015;6.13;-1.69;0.59
Thailand;TH;2016;6.42;36.04;-
Thailand;TH;2017;6.12;48.73;0.65
Thailand;TH;2018;5.85;61.35;-
Thailand;TH;2019;6.16;73.99;0.77
Thailand;TH;2020;6.64;80.29;-
Thailand;TH;2021;6.60;86.71;-
Thailand;TH;2022;6.22;-;-
Turkey;TR;1995;-;-;-
Turkey;TR;1996;-;-;-
Turkey;TR;1997;-;-;-
Turkey;TR;1998;-;-;-
Turkey;TR;1999;6.65;-;-
Turkey;TR;2000;7.03;-;-
Turkey;TR;2001;6.43;-;-
Turkey;TR;2002;6.56;-;-
Turkey;TR;2003;7.37;-;-
Turkey;TR;2004;7.26;-;-
Turkey;TR;2005;7.43;-;-
Turkey;TR;2006;6.94;-;-
Turkey;TR;2007;7.57;-;-
Turkey;TR;2008;7.33;-;0.14
Turkey;TR;2009;7.52;-;-
Turkey;TR;2010;7.48;31.40;0.21
Turkey;TR;2011;7.68;-;0.05
Turkey;TR;2012;7.40;-;-
Turkey;TR;2013;7.21;-;0.49
Turkey;TR;2014;7.42;-;-
Turkey;TR;2015;7.46;0.00;0.63
Turkey;TR;2016;7.62;68.86;-
Turkey;TR;2017;6.88;82.98;0.86
Turkey;TR;2018;6.85;89.05;-
Turkey;TR;2019;6.74;91.88;0.89
Turkey;TR;2020;7.13;92.37;-
Turkey;TR;2021;6.77;92.99;-
Turkey;TR;2022;5.95;-;-
UAE;AE;1995;-;-;-
UAE;AE;1996;-;-;-
UAE;AE;1997;-;-;-
UAE;AE;1998;-;-;-
UAE;AE;1999;-;-;-
UAE;AE;2000;-;-;-
UAE;AE;2001;-;-;-
UAE;AE;2002;-;-;-
UAE;AE;2003;-;-;-
UAE;AE;2004;-;-;-
UAE;AE;2005;-;-;-
UAE;AE;2006;-;-;-
UAE;AE;2007;-;-;-
UAE;AE;2008;-;-;0.30
UAE;AE;2009;-;-;-
UAE;AE;2010;-;-;0.13
UAE;AE;2011;7.43;-;0.74
UAE;AE;2012;7.84;-;-
UAE;AE;2013;8.35;-;0.84
UAE;AE;2014;8.35;-;-
UAE;AE;2015;8.07;34.24;0.75
UAE;AE;2016;8.16;51.38;-
UAE;AE;2017;8.33;65.14;0.94
UAE;AE;2018;7.96;71.94;-
UAE;AE;2019;8.19;85.47;0.94
UAE;AE;2020;7.79;93.91;-
UAE;AE;2021;8.13;98.97;-
UAE;AE;2022;7.71;-;-
Ukraine;UA;1995;-;-;-
Ukraine;UA;1996;-;-;-
Ukraine;UA;1997;-;-;-
Ukraine;UA;1998;-;-;-
Ukraine;UA;1999;-;-;-
Ukraine;UA;2000;-;-;-
Ukraine;UA;2001;-;-;-
Ukraine;UA;2002;-;-;-
Ukraine;UA;2003;-;-;-
Ukraine;UA;2004;-;-;-
Ukraine;UA;2005;-;-;-
Ukraine;UA;2006;-;-;-
Ukraine;UA;2007;5.48;-;-
Ukraine;UA;2008;5.42;-;0.57
Ukraine;UA;2009;6.18;-;-
Ukraine;UA;2010;6.84;1.40;0.26
Ukraine;UA;2011;6.92;-;0.16
Ukraine;UA;2012;6.82;-;-
Ukraine;UA;2013;5.91;-;0.43
Ukraine;UA;2014;6.34;-;-
Ukraine;UA;2015;6.27;0.00;0.75
Ukraine;UA;2016;6.12;0.00;-
Ukraine;UA;2017;6.28;0.00;0.69
Ukraine;UA;2018;7.01;0.77;-
Ukraine;UA;2019;6.70;5.96;0.81
Ukraine;UA;2020;7.22;11.58;-
Ukraine;UA;2021;7.30;20.26;-
Ukraine;UA;2022;-;-;-
United Kingdom;GB;1995;-;-;-
United Kingdom;GB;1996;-;-;-
United Kingdom;GB;1997;-;-;-
United Kingdom;GB;1998;-;-;-
United Kingdom;GB;1999;5.72;-;-
United Kingdom;GB;2000;6.36;-;-
United Kingdom;GB;2001;5.60;-;-
United Kingdom;GB;2002;6.97;-;-
United Kingdom;GB;2003;7.13;-;-
United Kingdom;GB;2004;7.28;-;-
United Kingdom;GB;2005;7.24;-;-
United Kingdom;GB;2006;7.26;-;-
United Kingdom;GB;2007;7.33;-;-
United Kingdom;GB;2008;7.46;-;0.43
United Kingdom;GB;2009;7.74;-;-
United Kingdom;GB;2010;8.09;-;0.77
United Kingdom;GB;2011;8.05;-;0.92
United Kingdom;GB;2012;7.89;-;-
United Kingdom;GB;2013;7.74;-;0.96
United Kingdom;GB;2014;7.55;-;-
United Kingdom;GB;2015;7.62;42.90;1.00
United Kingdom;GB;2016;7.60;57.29;-
United Kingdom;GB;2017;7.24;65.79;0.98
United Kingdom;GB;2018;7.26;71.93;-
United Kingdom;GB;2019;7.09;75.62;0.98
United Kingdom;GB;2020;7.55;86.20;-
United Kingdom;GB;2021;7.53;94.83;-
United Kingdom;GB;2022;7.13;-;-
USA;US;1995;-;-;-
USA;US;1996;-;-;-
USA;US;1997;-;-;-
USA;US;1998;-;-;-
USA;US;1999;7.14;-;-
USA;US;2000;7.24;-;-
USA;US;2001;7.31;-;-
USA;US;2002;8.77;-;-
USA;US;2003;8.75;-;-
USA;US;2004;8.85;-;-
USA;US;2005;8.68;-;-
USA;US;2006;8.54;-;-
USA;US;2007;8.45;-;-
USA;US;2008;8.53;-;1.00
USA;US;2009;8.07;-;-
USA;US;2010;8.61;32.90;0.76
USA;US;2011;8.63;-;0.92
USA;US;2012;8.65;-;-
USA;US;2013;8.59;-;0.92
USA;US;2014;8.36;-;-
USA;US;2015;8.16;55.00;0.90
USA;US;2016;8.60;62.00;-
USA;US;2017;8.25;67.00;0.98
USA;US;2018;8.18;74.53;-
USA;US;2019;8.06;82.32;1.00
USA;US;2020;8.24;86.91;-
USA;US;2021;8.26;85.97;-
USA;US;2022;8.02;-;-
Venezuela;VE;1995;-;-;-
Venezuela;VE;1996;-;-;-
Venezuela;VE;1997;-;-;-
Venezuela;VE;1998;-;-;-
Venezuela;VE;1999;5.56;-;-
Venezuela;VE;2000;5.90;-;-
Venezuela;VE;2001;6.00;-;-
Venezuela;VE;2002;6.53;-;-
Venezuela;VE;2003;6.94;-;-
Venezuela;VE;2004;6.84;-;-
Venezuela;VE;2005;7.51;-;-
Venezuela;VE;2006;7.28;-;-
Venezuela;VE;2007;6.98;-;-
Venezuela;VE;2008;6.84;-;0.34
Venezuela;VE;2009;6.58;-;-
Venezuela;VE;2010;6.67;17.00;0.14
Venezuela;VE;2011;6.78;-;0.26
Venezuela;VE;2012;6.11;-;-
Venezuela;VE;2013;6.41;-;0.57
Venezuela;VE;2014;6.36;-;-
Venezuela;VE;2015;4.67;2.21;0.41
Venezuela;VE;2016;5.32;3.90;-
Venezuela;VE;2017;3.96;4.12;0.40
Venezuela;VE;2018;3.40;-1.55;-
Venezuela;VE;2019;3.02;35.13;0.24
Venezuela;VE;2020;3.24;30.34;-
Venezuela;VE;2021;3.33;43.12;-
Venezuela;VE;2022;3.67;-;-
;;;;;
© IMD WORLD COMPETITIVENESS ONLINE 1995 – 2023;;;;;
